customer_id,rfm_segment,rfm_score,rfm_total_score,recency,frequency,monetary,average_order_value,usage_score,login_frequency,nps_score,support_tickets,subscription_plan,contract_type,country
CUST_010120,Low Value Dormant,111,3,268,8,211.39000000000001,26.423750000000002,56.0,8.0,-2.0,7.0,Basic,Annual,USA
CUST_007605,Low Value Dormant,111,3,130,9,219.31,24.36777777777778,52.4,18.7,4.0,5.0,Basic,Monthly,UK
CUST_018179,Low Value Dormant,111,3,440,8,228.49,28.56125,40.5,25.5,-35.0,5.0,Basic,Monthly,Australia
CUST_011858,Low Value Dormant,111,3,101,5,267.08,53.416,59.9,19.3,-2.0,4.0,Basic,Annual,Australia
CUST_000128,Low Value Dormant,111,3,603,9,287.58,31.953333333333333,49.1,16.6,-9.0,6.0,Basic,Monthly,Canada
CUST_011815,Low Value Dormant,111,3,333,9,295.42,32.824444444444445,40.3,11.7,-24.0,7.0,Basic,Monthly,Other
CUST_017289,Low Value Dormant,111,3,186,8,297.15999999999997,37.144999999999996,37.9,9.0,-10.0,4.0,Basic,Monthly,Germany
CUST_012729,Low Value Dormant,111,3,305,7,303.62,43.37428571428571,43.6,9.0,10.0,2.0,Basic,Annual,USA
CUST_016939,Low Value Dormant,111,3,297,11,305.76,27.796363636363637,61.9,17.2,8.0,3.0,Basic,Monthly,USA
CUST_014306,Low Value Dormant,111,3,659,10,307.96999999999997,30.796999999999997,34.5,9.5,20.0,3.0,Basic,Multi-Year,USA
CUST_014451,Low Value Dormant,111,3,169,8,311.59000000000003,38.948750000000004,52.7,13.7,28.0,3.0,Basic,Annual,USA
CUST_018292,Low Value Dormant,111,3,136,9,315.64,35.07111111111111,44.4,16.6,14.0,3.0,Basic,Annual,USA
CUST_011295,Low Value Dormant,111,3,87,9,316.24,35.13777777777778,32.7,5.6,-6.0,6.0,Basic,Monthly,USA
CUST_010672,Low Value Dormant,111,3,598,10,321.99,32.199,55.1,14.9,-7.0,5.0,Basic,Monthly,Australia
CUST_001030,Low Value Dormant,111,3,892,11,322.35,29.30454545454546,57.9,20.2,-14.0,8.0,Basic,Monthly,UK
CUST_008502,Low Value Dormant,111,3,103,6,323.55,53.925000000000004,47.8,17.3,27.0,2.0,Basic,Monthly,Germany
CUST_003122,Low Value Dormant,111,3,593,12,327.73,27.310833333333335,47.4,15.3,-15.0,4.0,Basic,Annual,USA
CUST_008480,Low Value Dormant,111,3,99,9,330.32,36.70222222222222,76.2,20.3,51.0,3.0,Basic,Monthly,USA
CUST_011627,Low Value Dormant,111,3,112,9,332.06,36.89555555555555,62.5,21.4,16.0,3.0,Basic,Annual,Australia
CUST_011427,Low Value Dormant,111,3,202,9,334.49,37.16555555555556,46.6,15.1,15.0,4.0,Basic,Annual,USA
CUST_014876,Low Value Dormant,111,3,471,9,337.18,37.464444444444446,37.9,8.4,6.0,4.0,Basic,Annual,India
CUST_010819,Low Value Dormant,111,3,360,10,337.83,33.783,56.4,12.1,-9.0,3.0,Basic,Monthly,UK
CUST_014650,Low Value Dormant,111,3,505,10,344.29,34.429,34.4,6.4,-16.0,4.0,Basic,Monthly,Germany
CUST_004081,Low Value Dormant,111,3,182,10,345.83000000000004,34.583000000000006,57.9,17.9,-11.0,3.0,Basic,Monthly,India
CUST_012647,Low Value Dormant,111,3,445,11,347.06,31.55090909090909,56.0,2.8,5.0,3.0,Basic,Annual,Australia
CUST_001617,Low Value Dormant,111,3,142,8,350.40999999999997,43.801249999999996,62.3,12.7,-14.0,9.0,Basic,Monthly,USA
CUST_003849,Low Value Dormant,111,3,307,10,362.65,36.265,60.4,17.6,10.0,1.0,Basic,Monthly,Germany
CUST_004649,Low Value Dormant,111,3,124,11,364.74,33.158181818181816,64.9,19.4,1.0,4.0,Basic,Annual,USA
CUST_018664,Low Value Dormant,111,3,676,12,365.22,30.435000000000002,41.7,14.4,28.0,0.0,Basic,Monthly,Other
CUST_007829,Low Value Dormant,111,3,439,12,365.74,30.478333333333335,40.1,10.6,-10.0,8.0,Basic,Monthly,Canada
CUST_017995,Low Value Dormant,111,3,90,7,367.64,52.519999999999996,30.5,12.2,-15.0,6.0,Basic,Annual,USA
CUST_014448,Low Value Dormant,111,3,271,10,369.39,36.939,26.5,7.1,-12.0,2.0,Basic,Monthly,Canada
CUST_017887,Low Value Dormant,111,3,314,9,369.65999999999997,41.07333333333333,43.6,6.6,-17.0,4.0,Basic,Annual,Canada
CUST_003974,Low Value Dormant,111,3,512,10,369.81,36.981,56.0,16.2,-14.0,3.0,Basic,Monthly,USA
CUST_008430,Low Value Dormant,111,3,131,9,370.84000000000003,41.20444444444445,53.6,14.7,10.0,1.0,Basic,Annual,India
CUST_011566,Low Value Dormant,111,3,671,11,371.36,33.76,19.6,3.0,-27.0,4.0,Basic,Annual,USA
CUST_008940,Low Value Dormant,111,3,388,8,372.58,46.5725,47.3,8.4,-22.0,3.0,Basic,Monthly,India
CUST_005205,Low Value Dormant,111,3,433,6,376.64,62.77333333333333,23.5,4.9,-12.0,2.0,Basic,Monthly,UK
CUST_017244,Low Value Dormant,111,3,166,11,378.63,34.42090909090909,63.7,16.3,36.0,3.0,Basic,Monthly,USA
CUST_000361,Low Value Dormant,111,3,178,10,380.71,38.071,56.0,10.5,21.0,6.0,Basic,Monthly,India
CUST_018543,Low Value Dormant,111,3,265,10,388.84000000000003,38.884,24.1,12.6,-34.0,9.0,Basic,Annual,Germany
CUST_004079,Low Value Dormant,111,3,101,9,392.24,43.58222222222222,42.5,10.6,-28.0,8.0,Basic,Monthly,USA
CUST_003356,Low Value Dormant,111,3,160,8,392.86,49.1075,43.8,7.9,-4.0,3.0,Basic,Monthly,India
CUST_001831,Low Value Dormant,111,3,198,9,394.17,43.79666666666667,44.9,4.0,27.0,3.0,Basic,Monthly,Canada
CUST_007529,Low Value Dormant,111,3,425,9,396.26,44.028888888888886,30.8,7.3,-8.0,6.0,Basic,Monthly,Canada
CUST_006520,Low Value Dormant,111,3,475,13,396.3,30.484615384615385,39.8,7.3,-13.0,6.0,Basic,Monthly,USA
CUST_004914,Low Value Dormant,111,3,664,11,398.17,36.197272727272725,44.9,10.5,55.0,2.0,Basic,Multi-Year,Germany
CUST_000318,Low Value Dormant,111,3,86,9,399.61,44.40111111111111,66.9,20.0,6.0,4.0,Basic,Annual,USA
CUST_015995,Low Value Dormant,111,3,93,11,402.44,36.585454545454546,50.4,21.0,-0.0,4.0,Basic,Annual,UK
CUST_019715,Low Value Dormant,111,3,91,12,404.04,33.67,27.6,11.0,-28.0,3.0,Basic,Annual,UK
CUST_010776,Low Value Dormant,111,3,233,11,404.86,36.805454545454545,41.6,19.0,-19.0,7.0,Basic,Monthly,USA
CUST_019014,Low Value Dormant,111,3,90,10,408.56,40.856,47.6,17.8,23.0,3.0,Basic,Annual,India
CUST_006199,Low Value Dormant,111,3,712,10,409.18,40.918,60.3,13.1,-5.0,7.0,Basic,Monthly,USA
CUST_005624,Low Value Dormant,111,3,713,13,411.68,31.66769230769231,41.9,12.3,0.0,2.0,Basic,Monthly,USA
CUST_005843,Low Value Dormant,111,3,986,13,412.88,31.759999999999998,16.6,5.5,-9.0,9.0,Basic,Monthly,USA
CUST_016028,Low Value Dormant,111,3,491,11,415.32,37.75636363636364,43.8,17.7,13.0,6.0,Basic,Monthly,UK
CUST_002845,Low Value Dormant,111,3,456,10,416.41,41.641000000000005,20.7,7.5,-46.0,9.0,Basic,Monthly,USA
CUST_010773,Low Value Dormant,111,3,588,12,417.15,34.762499999999996,25.4,5.0,-48.0,6.0,Basic,Annual,Australia
CUST_004510,Low Value Dormant,111,3,369,10,418.37,41.837,46.2,15.5,19.0,2.0,Basic,Annual,Germany
CUST_013740,Low Value Dormant,111,3,358,12,420.27,35.0225,41.5,9.3,18.0,1.0,Basic,Annual,USA
CUST_004380,Low Value Dormant,111,3,572,13,421.71,32.43923076923077,51.5,18.0,-7.0,3.0,Basic,Monthly,Australia
CUST_008066,Low Value Dormant,111,3,369,9,424.4,47.15555555555555,56.5,16.5,11.0,6.0,Basic,Monthly,USA
CUST_000287,Low Value Dormant,111,3,322,11,424.71,38.61,43.9,19.4,24.0,7.0,Basic,Annual,UK
CUST_004434,Low Value Dormant,111,3,672,10,425.92,42.592,52.8,22.5,-31.0,4.0,Basic,Annual,USA
CUST_006152,Low Value Dormant,111,3,95,10,428.47999999999996,42.848,60.9,17.6,41.0,4.0,Basic,Annual,Germany
CUST_007622,Low Value Dormant,111,3,201,12,429.86,35.821666666666665,33.0,15.5,-27.0,2.0,Basic,Annual,USA
CUST_019968,Low Value Dormant,111,3,256,11,429.90999999999997,39.08272727272727,39.9,13.0,0.0,4.0,Basic,Monthly,Canada
CUST_001684,Low Value Dormant,111,3,89,9,430.87,47.87444444444444,56.0,15.9,17.0,5.0,Basic,Monthly,USA
CUST_004072,Low Value Dormant,111,3,197,8,431.62,53.9525,33.8,16.3,-10.0,0.0,Basic,Annual,Australia
CUST_001013,Low Value Dormant,111,3,316,12,431.88,35.99,56.0,12.0,6.0,4.0,Basic,Monthly,Australia
CUST_012116,Low Value Dormant,111,3,327,11,433.22,39.38363636363636,7.3,5.2,-22.0,7.0,Basic,Monthly,USA
CUST_013155,Low Value Dormant,111,3,293,11,433.3,39.39090909090909,35.3,12.2,15.0,5.0,Basic,Monthly,Germany
CUST_003807,Low Value Dormant,111,3,503,11,433.83,39.43909090909091,52.1,15.9,17.0,3.0,Basic,Annual,Germany
CUST_002166,Low Value Dormant,111,3,171,11,433.84,39.44,61.1,20.4,27.0,3.0,Basic,Annual,USA
CUST_016985,Low Value Dormant,111,3,163,11,433.98,39.45272727272727,72.4,22.9,15.0,6.0,Basic,Monthly,USA
CUST_019686,Low Value Dormant,111,3,398,11,435.79,39.61727272727273,13.3,5.0,-56.0,6.0,Basic,Monthly,USA
CUST_011356,Low Value Dormant,111,3,90,9,436.44,48.49333333333333,46.5,8.8,-5.0,5.0,Basic,Monthly,USA
CUST_004291,Low Value Dormant,111,3,102,9,438.9,48.766666666666666,50.0,15.7,74.0,1.0,Basic,Monthly,Other
CUST_017361,Low Value Dormant,111,3,252,11,438.97,39.906363636363636,43.5,7.2,26.0,6.0,Basic,Annual,India
CUST_017357,Low Value Dormant,111,3,337,11,440.53999999999996,40.04909090909091,27.0,0.5,-20.0,2.0,Basic,Monthly,USA
CUST_008711,Low Value Dormant,111,3,511,11,441.58,40.14363636363636,31.7,14.8,-40.0,4.0,Basic,Monthly,India
CUST_012821,Low Value Dormant,111,3,204,9,441.88,49.09777777777778,49.5,12.7,43.0,4.0,Basic,Monthly,Germany
CUST_018627,Low Value Dormant,111,3,492,12,442.49,36.87416666666667,38.9,12.1,7.0,1.0,Basic,Monthly,USA
CUST_006100,Low Value Dormant,111,3,259,11,443.4,40.309090909090905,12.3,8.4,-9.0,5.0,Basic,Annual,USA
CUST_011276,Low Value Dormant,111,3,459,11,444.14,40.376363636363635,38.7,10.8,-1.0,7.0,Basic,Monthly,Other
CUST_000190,Low Value Dormant,111,3,734,13,444.28,34.175384615384615,37.2,12.6,-18.0,2.0,Basic,Monthly,USA
CUST_019122,Low Value Dormant,111,3,614,11,444.47,40.406363636363636,60.3,10.7,50.0,2.0,Basic,Monthly,India
CUST_014951,Low Value Dormant,111,3,97,12,446.14,37.178333333333335,33.5,5.5,-2.0,5.0,Basic,Annual,USA
CUST_012792,Low Value Dormant,111,3,117,9,451.85,50.205555555555556,53.1,9.1,-1.0,7.0,Basic,Monthly,Other
CUST_012711,Low Value Dormant,111,3,506,12,453.28,37.77333333333333,39.2,12.6,-18.0,6.0,Basic,Monthly,Germany
CUST_005318,Low Value Dormant,111,3,600,11,453.52,41.22909090909091,51.9,16.1,-4.0,2.0,Basic,Monthly,USA
CUST_004341,Low Value Dormant,111,3,614,13,456.93,35.14846153846154,37.0,14.3,-30.0,3.0,Basic,Monthly,USA
CUST_014675,Low Value Dormant,111,3,725,8,459.37,57.42125,41.3,13.0,-0.0,4.0,Basic,Annual,India
CUST_002863,Low Value Dormant,111,3,96,9,460.37,51.15222222222222,51.2,19.2,-6.0,2.0,Basic,Annual,India
CUST_004366,Low Value Dormant,111,3,497,10,460.89,46.089,39.5,11.1,-13.0,4.0,Basic,Monthly,USA
CUST_005677,Low Value Dormant,111,3,685,13,461.11,35.47,17.4,10.1,-19.0,9.0,Basic,Monthly,Other
CUST_000020,Low Value Dormant,111,3,208,12,461.36,38.446666666666665,48.9,10.9,15.0,5.0,Basic,Monthly,USA
CUST_000362,Low Value Dormant,111,3,107,13,465.21,35.785384615384615,32.8,13.0,1.0,7.0,Basic,Monthly,USA
CUST_019872,Low Value Dormant,111,3,423,10,466.69,46.669,27.4,13.7,-47.0,7.0,Basic,Annual,USA
CUST_008138,Low Value Dormant,111,3,191,9,467.71000000000004,51.96777777777778,60.9,13.6,40.0,1.0,Basic,Monthly,UK
CUST_006018,Low Value Dormant,111,3,314,7,468.35,66.90714285714286,50.2,20.4,26.0,5.0,Basic,Annual,USA
CUST_004208,Low Value Dormant,111,3,671,12,468.85,39.07083333333333,45.9,23.7,11.0,1.0,Basic,Monthly,USA
CUST_013271,Low Value Dormant,111,3,252,11,469.42,42.67454545454546,33.4,7.8,-26.0,7.0,Basic,Annual,Germany
CUST_015738,Low Value Dormant,111,3,253,12,469.94,39.16166666666667,56.0,15.0,24.0,0.0,Basic,Monthly,Canada
CUST_006303,Low Value Dormant,111,3,112,12,472.02,39.335,77.9,24.0,37.0,1.0,Basic,Monthly,UK
CUST_018393,Low Value Dormant,111,3,163,12,472.08,39.339999999999996,44.1,10.2,21.0,3.0,Basic,Annual,UK
CUST_000105,Low Value Dormant,111,3,603,11,474.12,43.10181818181818,41.9,9.7,-11.0,5.0,Basic,Annual,USA
CUST_013287,Low Value Dormant,111,3,114,12,476.84,39.736666666666665,34.7,16.7,17.0,0.0,Basic,Annual,Other
CUST_019309,Low Value Dormant,111,3,237,11,477.37,43.39727272727273,28.6,9.0,-21.0,7.0,Basic,Monthly,USA
CUST_008606,Low Value Dormant,111,3,87,9,478.21000000000004,53.13444444444445,26.0,6.2,-24.0,2.0,Basic,Monthly,Other
CUST_011690,Low Value Dormant,111,3,528,11,480.28000000000003,43.661818181818184,57.6,14.7,-10.0,5.0,Basic,Monthly,Other
CUST_007038,Low Value Dormant,111,3,298,11,480.94,43.72181818181818,35.4,11.4,-3.0,6.0,Basic,Monthly,USA
CUST_007830,Low Value Dormant,111,3,122,11,482.37,43.85181818181818,51.8,20.7,7.0,2.0,Basic,Monthly,USA
CUST_000428,Low Value Dormant,111,3,355,11,482.40999999999997,43.85545454545454,47.3,22.8,-17.0,4.0,Basic,Annual,Australia
CUST_003868,Low Value Dormant,111,3,233,11,483.15,43.92272727272727,55.7,14.1,11.0,7.0,Basic,Annual,USA
CUST_010788,Low Value Dormant,111,3,115,11,483.25,43.93181818181818,38.3,5.0,-16.0,2.0,Basic,Monthly,USA
CUST_001275,Low Value Dormant,111,3,585,10,483.29,48.329,37.1,12.9,6.0,4.0,Basic,Monthly,USA
CUST_010740,Low Value Dormant,111,3,552,12,483.5,40.291666666666664,27.0,9.4,7.0,1.0,Basic,Monthly,USA
CUST_006558,Low Value Dormant,111,3,175,12,484.2,40.35,41.6,11.2,9.0,2.0,Basic,Monthly,USA
CUST_019511,Low Value Dormant,111,3,171,11,486.96000000000004,44.26909090909091,48.9,9.9,22.0,5.0,Basic,Monthly,USA
CUST_014736,Low Value Dormant,111,3,87,10,488.52,48.852,71.4,22.9,15.0,5.0,Basic,Annual,India
CUST_006144,Low Value Dormant,111,3,115,12,490.14,40.845,46.6,13.5,24.0,4.0,Basic,Monthly,Australia
CUST_009179,Low Value Dormant,111,3,90,11,490.53,44.593636363636364,36.6,5.8,-2.0,5.0,Basic,Monthly,Canada
CUST_015714,Low Value Dormant,111,3,1012,8,492.91,61.61375,45.4,14.8,-5.0,4.0,Professional,Annual,Other
CUST_005503,Low Value Dormant,111,3,351,12,494.6,41.21666666666667,31.5,9.0,4.0,4.0,Basic,Monthly,Canada
CUST_000476,Low Value Dormant,111,3,136,10,495.09000000000003,49.509,47.1,15.8,9.0,4.0,Basic,Annual,India
CUST_015577,Low Value Dormant,111,3,235,11,497.14,45.194545454545455,51.6,9.3,-4.0,4.0,Basic,Monthly,USA
CUST_011714,Low Value Dormant,111,3,629,11,497.23,45.20272727272727,63.7,19.1,6.0,4.0,Basic,Annual,UK
CUST_010060,Low Value Dormant,111,3,90,6,498.49,83.08166666666666,63.9,18.5,11.0,2.0,Basic,Monthly,USA
CUST_009505,Low Value Dormant,111,3,195,11,498.55,45.32272727272727,10.5,1.6,-35.0,3.0,Basic,Monthly,Other
CUST_015893,Low Value Dormant,111,3,230,10,498.92,49.892,61.3,14.4,15.0,4.0,Basic,Monthly,USA
CUST_016385,Low Value Dormant,111,3,107,11,500.01,45.45545454545454,53.6,13.5,32.0,3.0,Basic,Annual,Germany
CUST_019902,Low Value Dormant,111,3,123,12,503.71,41.975833333333334,34.8,8.9,-6.0,1.0,Basic,Monthly,Australia
CUST_011715,Low Value Dormant,111,3,146,7,508.19,72.59857142857143,53.5,20.7,-13.0,1.0,Basic,Annual,Canada
CUST_006655,Low Value Dormant,111,3,185,11,509.5,46.31818181818182,7.7,0.0,-19.0,7.0,Basic,Monthly,USA
CUST_008506,Low Value Dormant,111,3,234,12,510.84000000000003,42.57,46.7,13.0,17.0,3.0,Basic,Monthly,Australia
CUST_009803,Low Value Dormant,111,3,116,12,511.09,42.59083333333333,24.9,6.9,-17.0,8.0,Basic,Annual,Australia
CUST_015616,Low Value Dormant,111,3,156,10,514.38,51.438,56.2,21.9,11.0,6.0,Basic,Monthly,USA
CUST_014762,Low Value Dormant,111,3,496,11,515.1,46.82727272727273,39.0,6.6,-28.0,6.0,Basic,Monthly,UK
CUST_011971,Low Value Dormant,111,3,431,10,515.4300000000001,51.543000000000006,52.4,15.4,-7.0,9.0,Basic,Annual,USA
CUST_013881,Low Value Dormant,111,3,321,10,515.57,51.557,43.1,8.1,7.0,6.0,Basic,Monthly,USA
CUST_018967,Low Value Dormant,111,3,645,12,515.6,42.96666666666667,42.2,18.2,21.0,6.0,Basic,Monthly,USA
CUST_012412,Low Value Dormant,111,3,242,8,515.83,64.47875,36.9,8.3,-36.0,7.0,Basic,Monthly,Australia
CUST_007866,Low Value Dormant,111,3,223,12,515.94,42.995000000000005,39.7,10.4,16.0,1.0,Basic,Annual,India
CUST_002911,Low Value Dormant,111,3,102,11,516.14,46.92181818181818,46.4,14.0,24.0,3.0,Basic,Annual,USA
CUST_019429,Low Value Dormant,111,3,192,12,523.14,43.595,44.5,21.3,18.0,5.0,Basic,Monthly,USA
CUST_004758,Low Value Dormant,111,3,283,12,529.31,44.10916666666666,59.1,16.4,26.0,0.0,Basic,Annual,Australia
CUST_004731,Low Value Dormant,111,3,151,13,530.23,40.78692307692308,47.0,12.5,-15.0,2.0,Basic,Monthly,USA
CUST_007056,Low Value Dormant,111,3,109,13,530.98,40.84461538461539,21.3,9.0,-21.0,6.0,Basic,Monthly,USA
CUST_008111,Low Value Dormant,111,3,245,12,532.6,44.38333333333333,53.5,16.6,-4.0,3.0,Basic,Annual,Germany
CUST_009818,Low Value Dormant,111,3,246,11,533.11,48.46454545454546,32.0,10.5,-11.0,8.0,Basic,Annual,USA
CUST_008703,Low Value Dormant,111,3,94,11,535.4,48.67272727272727,37.9,7.6,-5.0,4.0,Basic,Monthly,India
CUST_008741,Low Value Dormant,111,3,234,11,538.17,48.92454545454545,56.4,16.0,21.0,3.0,Basic,Annual,Canada
CUST_006368,Low Value Dormant,111,3,111,11,539.99,49.09,53.3,19.5,14.0,4.0,Basic,Monthly,USA
CUST_011075,Low Value Dormant,111,3,254,12,541.62,45.135,31.2,13.1,-25.0,5.0,Basic,Annual,USA
CUST_005415,Low Value Dormant,111,3,403,13,543.0,41.76923076923077,58.1,19.1,15.0,3.0,Basic,Annual,USA
CUST_018709,Low Value Dormant,111,3,202,12,543.57,45.29750000000001,49.2,14.5,4.0,5.0,Basic,Monthly,Canada
CUST_003800,Low Value Dormant,111,3,342,11,545.54,49.594545454545454,40.1,10.6,-25.0,6.0,Basic,Annual,USA
CUST_009268,Low Value Dormant,111,3,563,12,545.76,45.48,44.9,10.8,-33.0,7.0,Basic,Annual,USA
CUST_007184,Low Value Dormant,111,3,124,10,546.95,54.69500000000001,49.6,12.6,-30.0,3.0,Basic,Monthly,USA
CUST_000350,Low Value Dormant,111,3,329,12,548.0699999999999,45.67249999999999,43.5,11.7,-3.0,4.0,Basic,Monthly,Germany
CUST_000938,Low Value Dormant,111,3,408,13,548.22,42.17076923076923,59.4,8.3,29.0,3.0,Basic,Monthly,USA
CUST_003589,Low Value Dormant,111,3,625,12,548.33,45.69416666666667,25.1,5.0,-51.0,6.0,Basic,Monthly,India
CUST_003249,Low Value Dormant,111,3,228,12,550.35,45.862500000000004,55.0,13.4,-1.0,3.0,Basic,Monthly,USA
CUST_004491,Low Value Dormant,111,3,197,11,554.55,50.41363636363636,47.9,17.0,16.0,2.0,Basic,Annual,USA
CUST_005014,Low Value Dormant,111,3,580,13,555.96,42.76615384615385,50.8,14.8,17.0,6.0,Basic,Monthly,Canada
CUST_018338,Low Value Dormant,111,3,405,12,557.23,46.435833333333335,63.5,25.1,40.0,2.0,Basic,Annual,USA
CUST_012183,Low Value Dormant,111,3,401,11,558.41,50.76454545454545,34.2,11.4,-30.0,0.0,Basic,Annual,USA
CUST_013229,Low Value Dormant,111,3,212,11,558.87,50.806363636363635,46.5,13.6,1.0,5.0,Basic,Monthly,Canada
CUST_007328,Low Value Dormant,111,3,123,13,558.91,42.99307692307692,49.2,17.5,-8.0,6.0,Basic,Annual,Australia
CUST_005720,Low Value Dormant,111,3,587,13,560.11,43.08538461538462,38.6,9.4,6.0,0.0,Basic,Annual,USA
CUST_003236,Low Value Dormant,111,3,123,13,561.07,43.159230769230774,72.8,17.4,-9.0,0.0,Basic,Annual,USA
CUST_007300,Low Value Dormant,111,3,116,13,561.67,43.20538461538461,30.8,7.7,-25.0,3.0,Basic,Monthly,Canada
CUST_004760,Low Value Dormant,111,3,134,12,563.5,46.958333333333336,26.0,6.0,-14.0,2.0,Basic,Monthly,USA
CUST_015198,Low Value Dormant,111,3,664,10,563.66,56.366,48.8,10.5,11.0,9.0,Basic,Annual,Germany
CUST_019909,Low Value Dormant,111,3,121,12,566.51,47.20916666666667,29.2,7.4,-34.0,4.0,Basic,Monthly,UK
CUST_004683,Low Value Dormant,111,3,215,12,566.78,47.23166666666666,50.7,11.5,13.0,5.0,Basic,Annual,USA
CUST_019115,Low Value Dormant,111,3,175,12,567.17,47.26416666666666,18.0,12.2,-35.0,6.0,Basic,Monthly,UK
CUST_010129,Low Value Dormant,111,3,92,12,570.37,47.530833333333334,57.0,13.4,69.0,2.0,Basic,Monthly,USA
CUST_008771,Low Value Dormant,111,3,168,11,571.28,51.93454545454545,56.4,14.5,16.0,3.0,Basic,Monthly,Australia
CUST_017956,Low Value Dormant,111,3,457,12,572.83,47.73583333333334,50.0,10.2,-22.0,7.0,Basic,Monthly,India
CUST_016159,Low Value Dormant,111,3,109,11,574.03,52.18454545454545,59.8,15.0,26.0,4.0,Basic,Monthly,UK
CUST_008218,Low Value Dormant,111,3,542,12,574.91,47.909166666666664,38.6,11.6,25.0,2.0,Basic,Monthly,USA
CUST_003437,Low Value Dormant,111,3,266,13,576.33,44.33307692307692,35.3,7.4,-32.0,6.0,Basic,Monthly,UK
CUST_008135,Low Value Dormant,111,3,596,12,578.65,48.22083333333333,31.9,8.7,-2.0,5.0,Basic,Monthly,USA
CUST_012219,Low Value Dormant,111,3,476,10,579.19,57.919000000000004,31.9,15.5,-24.0,4.0,Basic,Annual,USA
CUST_001945,Low Value Dormant,111,3,89,11,579.91,52.71909090909091,46.0,19.8,-5.0,6.0,Basic,Monthly,Canada
CUST_007514,Low Value Dormant,111,3,127,12,580.0,48.333333333333336,39.8,9.9,19.0,1.0,Basic,Annual,Australia
CUST_019736,Low Value Dormant,111,3,102,11,580.92,52.810909090909085,39.8,11.3,-10.0,2.0,Basic,Annual,Australia
CUST_005576,Low Value Dormant,111,3,113,13,581.78,44.75230769230769,27.2,8.2,5.0,3.0,Basic,Annual,USA
CUST_017737,Low Value Dormant,111,3,158,12,583.84,48.653333333333336,56.5,14.8,-3.0,5.0,Basic,Annual,UK
CUST_008323,Low Value Dormant,111,3,129,12,584.75,48.729166666666664,50.1,13.0,28.0,4.0,Basic,Monthly,India
CUST_001131,Low Value Dormant,111,3,115,11,585.1,53.190909090909095,32.7,7.9,5.0,5.0,Basic,Monthly,India
CUST_007001,Low Value Dormant,111,3,188,12,588.03,49.0025,34.5,9.4,-1.0,6.0,Basic,Monthly,Australia
CUST_006067,Low Value Dormant,111,3,149,13,588.8,45.29230769230769,49.4,21.4,-18.0,6.0,Basic,Monthly,Germany
CUST_008751,Low Value Dormant,111,3,555,12,595.37,49.61416666666667,48.6,16.0,27.0,0.0,Basic,Monthly,Canada
CUST_018773,Low Value Dormant,111,3,308,10,596.34,59.634,53.6,20.2,-1.0,4.0,Basic,Annual,UK
CUST_008026,Low Value Dormant,111,3,111,12,596.38,49.69833333333333,44.6,7.8,-18.0,4.0,Basic,Annual,India
CUST_016657,Low Value Dormant,111,3,87,11,596.46,54.223636363636366,59.4,13.6,22.0,1.0,Basic,Annual,India
CUST_012765,Low Value Dormant,111,3,96,12,598.4300000000001,49.86916666666667,43.4,6.0,13.0,7.0,Basic,Multi-Year,Australia
CUST_004587,Low Value Dormant,111,3,336,10,598.5,59.85,30.5,4.3,-13.0,3.0,Basic,Annual,USA
CUST_008002,Low Value Dormant,111,3,86,10,599.59,59.959,62.6,16.6,11.0,1.0,Basic,Monthly,USA
CUST_003032,Low Value Dormant,111,3,92,13,601.76,46.28923076923077,59.3,12.1,0.0,6.0,Basic,Monthly,Canada
CUST_018686,Low Value Dormant,111,3,86,12,603.72,50.31,70.4,22.5,53.0,1.0,Basic,Annual,USA
CUST_003386,Low Value Dormant,111,3,171,13,609.52,46.886153846153846,41.5,12.0,-7.0,9.0,Basic,Monthly,Canada
CUST_003893,Low Value Dormant,111,3,337,13,611.36,47.027692307692305,45.4,13.8,40.0,3.0,Basic,Monthly,Germany
CUST_014087,Low Value Dormant,111,3,410,12,611.81,50.98416666666666,56.0,11.4,-47.0,3.0,Basic,Monthly,UK
CUST_000502,Low Value Dormant,111,3,408,12,612.37,51.030833333333334,53.5,14.7,27.0,2.0,Basic,Annual,Canada
CUST_001358,Low Value Dormant,111,3,201,13,613.9,47.223076923076924,43.3,20.1,19.0,6.0,Basic,Annual,Australia
CUST_005991,Low Value Dormant,111,3,284,12,614.69,51.22416666666667,58.7,18.1,7.0,3.0,Basic,Annual,UK
CUST_000254,Low Value Dormant,111,3,555,12,618.1,51.50833333333333,30.8,11.8,-41.0,8.0,Basic,Monthly,USA
CUST_017241,Low Value Dormant,111,3,182,12,618.89,51.57416666666666,44.9,12.3,-7.0,4.0,Basic,Monthly,India
CUST_004046,Low Value Dormant,111,3,462,12,620.47,51.70583333333334,68.7,23.1,1.0,3.0,Basic,Annual,UK
CUST_007469,Low Value Dormant,111,3,242,10,622.51,62.251,15.5,4.5,-16.0,5.0,Basic,Monthly,India
CUST_006696,Low Value Dormant,111,3,116,13,622.67,47.8976923076923,28.6,6.1,-4.0,6.0,Basic,Monthly,USA
CUST_017001,Low Value Dormant,111,3,209,12,623.93,51.994166666666665,47.4,13.3,36.0,1.0,Basic,Monthly,USA
CUST_005374,Low Value Dormant,111,3,382,11,624.88,56.807272727272725,38.7,12.7,-17.0,4.0,Basic,Annual,Germany
CUST_006415,Low Value Dormant,111,3,410,10,627.92,62.791999999999994,52.3,6.8,5.0,3.0,Basic,Monthly,Germany
CUST_000788,Low Value Dormant,111,3,152,12,632.23,52.685833333333335,47.5,10.6,-14.0,5.0,Basic,Annual,USA
CUST_002348,Low Value Dormant,111,3,159,12,635.6700000000001,52.972500000000004,15.9,0.0,-16.0,3.0,Basic,Annual,Australia
CUST_002539,Low Value Dormant,111,3,98,11,635.84,57.803636363636365,56.7,13.1,-23.0,1.0,Basic,Monthly,Australia
CUST_001994,Low Value Dormant,111,3,173,13,642.74,49.441538461538464,35.4,6.6,-10.0,4.0,Basic,Monthly,USA
CUST_019210,Low Value Dormant,111,3,823,11,644.0,58.54545454545455,67.7,14.6,23.0,4.0,Basic,Monthly,USA
CUST_009845,Low Value Dormant,111,3,408,12,648.36,54.03,29.9,7.5,-4.0,6.0,Basic,Monthly,USA
CUST_019628,Low Value Dormant,111,3,109,12,648.72,54.06,41.0,13.5,1.0,7.0,Basic,Monthly,USA
CUST_017409,Low Value Dormant,111,3,194,12,649.81,54.15083333333333,42.6,12.7,18.0,6.0,Basic,Monthly,Canada
CUST_005148,Low Value Dormant,111,3,274,11,651.74,59.24909090909091,36.4,8.9,11.0,1.0,Basic,Annual,India
CUST_019351,Low Value Dormant,111,3,767,11,655.26,59.56909090909091,47.1,4.2,-21.0,3.0,Basic,Monthly,Germany
CUST_007362,Low Value Dormant,111,3,175,11,655.33,59.57545454545455,49.1,17.9,24.0,3.0,Basic,Monthly,USA
CUST_007837,Low Value Dormant,111,3,111,12,656.9,54.74166666666667,52.2,16.1,-6.0,2.0,Basic,Annual,Canada
CUST_000185,Low Value Dormant,111,3,194,11,657.28,59.75272727272727,23.6,13.5,0.0,6.0,Basic,Monthly,India
CUST_000652,Low Value Dormant,111,3,122,10,658.19,65.819,43.9,7.4,8.0,3.0,Basic,Annual,USA
CUST_009919,Low Value Dormant,111,3,108,10,660.3299999999999,66.03299999999999,50.9,16.3,-2.0,3.0,Basic,Monthly,Canada
CUST_007631,Low Value Dormant,111,3,184,12,663.68,55.306666666666665,51.7,13.0,3.0,3.0,Basic,Annual,Canada
CUST_019854,Low Value Dormant,111,3,307,12,664.0600000000001,55.33833333333334,26.4,4.3,9.0,5.0,Basic,Monthly,USA
CUST_004744,Low Value Dormant,111,3,100,10,664.68,66.46799999999999,60.2,12.7,30.0,5.0,Basic,Annual,UK
CUST_008955,Low Value Dormant,111,3,324,10,670.73,67.07300000000001,56.0,8.6,41.0,2.0,Basic,Monthly,Canada
CUST_005127,Low Value Dormant,111,3,469,12,674.55,56.2125,44.9,13.3,-19.0,6.0,Basic,Multi-Year,UK
CUST_018478,Low Value Dormant,111,3,146,9,675.39,75.04333333333334,57.9,13.3,-9.0,7.0,Basic,Monthly,Canada
CUST_007828,Low Value Dormant,111,3,144,13,675.98,51.99846153846154,35.8,8.3,-1.0,8.0,Basic,Annual,India
CUST_006015,Low Value Dormant,111,3,167,12,677.53,56.46083333333333,50.5,7.4,9.0,6.0,Basic,Annual,UK
CUST_016010,Low Value Dormant,111,3,89,11,684.93,62.26636363636363,56.2,17.3,-10.0,5.0,Basic,Annual,USA
CUST_001563,Low Value Dormant,111,3,170,13,693.18,53.32153846153846,59.7,18.6,2.0,2.0,Basic,Annual,USA
CUST_005765,Low Value Dormant,111,3,155,11,693.1800000000001,63.01636363636364,37.8,10.2,-30.0,6.0,Basic,Annual,USA
CUST_018101,Low Value Dormant,111,3,209,12,697.51,58.12583333333333,56.0,19.4,3.0,3.0,Basic,Monthly,USA
CUST_016767,Low Value Dormant,111,3,386,12,698.75,58.229166666666664,48.8,13.0,21.0,0.0,Basic,Annual,Canada
CUST_000597,Low Value Dormant,111,3,460,9,701.4300000000001,77.93666666666667,55.8,11.2,16.0,0.0,Basic,Annual,Canada
CUST_000939,Low Value Dormant,111,3,175,11,701.99,63.81727272727273,43.8,14.8,-1.0,2.0,Basic,Monthly,Australia
CUST_013061,Low Value Dormant,111,3,409,12,707.26,58.93833333333333,33.5,9.7,-26.0,6.0,Basic,Annual,India
CUST_016930,Low Value Dormant,111,3,126,12,709.64,59.13666666666666,47.4,15.1,22.0,1.0,Basic,Annual,Other
CUST_007526,Low Value Dormant,111,3,171,11,715.52,65.04727272727273,46.1,15.6,-17.0,0.0,Basic,Annual,Canada
CUST_003379,Low Value Dormant,111,3,153,13,718.1899999999999,55.24538461538461,62.7,15.2,-6.0,3.0,Basic,Monthly,Canada
CUST_005442,Low Value Dormant,111,3,136,11,720.17,65.47,39.2,11.6,-1.0,6.0,Basic,Monthly,USA
CUST_018970,Low Value Dormant,111,3,120,10,723.68,72.368,32.5,5.5,-17.0,5.0,Basic,Annual,USA
CUST_015173,Low Value Dormant,111,3,102,11,725.03,65.91181818181818,31.4,0.8,-13.0,5.0,Basic,Monthly,USA
CUST_006922,Low Value Dormant,111,3,302,13,725.45,55.80384615384616,22.9,9.2,-31.0,7.0,Basic,Monthly,India
CUST_003045,Low Value Dormant,111,3,86,13,732.8199999999999,56.37076923076923,34.8,9.8,-26.0,7.0,Basic,Annual,Australia
CUST_016699,Low Value Dormant,111,3,370,10,733.4000000000001,73.34,47.3,14.7,24.0,2.0,Professional,Multi-Year,Germany
CUST_009205,Low Value Dormant,111,3,152,11,733.59,66.69,45.9,17.0,-7.0,6.0,Basic,Annual,Canada
CUST_015351,Low Value Dormant,111,3,125,11,735.61,66.87363636363636,52.7,22.6,-8.0,5.0,Basic,Monthly,Other
CUST_005540,Low Value Dormant,111,3,659,11,740.45,67.31363636363636,35.2,6.3,11.0,5.0,Basic,Monthly,USA
CUST_019958,Low Value Dormant,111,3,276,11,740.46,67.31454545454545,70.4,20.0,21.0,4.0,Basic,Monthly,UK
CUST_006974,Low Value Dormant,111,3,163,11,743.6,67.60000000000001,55.4,10.6,1.0,6.0,Basic,Annual,Other
CUST_012197,Low Value Dormant,111,3,189,12,744.8299999999999,62.06916666666666,45.1,10.2,25.0,3.0,Basic,Annual,UK
CUST_013317,Low Value Dormant,111,3,229,12,747.9200000000001,62.326666666666675,34.6,2.7,-15.0,6.0,Basic,Annual,USA
CUST_014171,Low Value Dormant,111,3,177,10,748.9,74.89,53.6,15.8,13.0,2.0,Basic,Annual,Other
CUST_015552,Low Value Dormant,111,3,178,12,750.41,62.534166666666664,41.9,15.4,-17.0,4.0,Basic,Monthly,USA
CUST_003436,Low Value Dormant,111,3,91,11,750.83,68.25727272727273,40.3,17.0,-37.0,4.0,Basic,Monthly,UK
CUST_010775,Low Value Dormant,111,3,95,11,751.6,68.32727272727273,53.7,12.8,13.0,0.0,Basic,Annual,USA
CUST_016265,Low Value Dormant,111,3,125,10,759.0799999999999,75.90799999999999,56.5,11.8,15.0,4.0,Basic,Multi-Year,USA
CUST_006346,Low Value Dormant,111,3,450,13,760.47,58.49769230769231,30.2,2.7,2.0,3.0,Basic,Monthly,India
CUST_005319,Low Value Dormant,111,3,299,12,761.97,63.4975,41.1,13.2,-23.0,6.0,Basic,Monthly,Germany
CUST_007953,Low Value Dormant,111,3,194,9,767.39,85.26555555555555,39.9,8.1,-9.0,5.0,Basic,Annual,USA
CUST_006217,Low Value Dormant,111,3,130,13,770.33,59.25615384615385,60.5,16.7,6.0,3.0,Basic,Monthly,Germany
CUST_004232,Low Value Dormant,111,3,111,13,774.17,59.551538461538456,45.1,6.2,-3.0,6.0,Basic,Annual,USA
CUST_000676,Low Value Dormant,111,3,105,11,776.12,70.55636363636364,67.9,18.0,38.0,1.0,Basic,Annual,USA
CUST_007923,Low Value Dormant,111,3,115,12,776.78,64.73166666666667,62.3,15.4,12.0,5.0,Basic,Monthly,USA
CUST_006916,Low Value Dormant,111,3,124,11,781.01,71.00090909090909,68.5,26.2,-7.0,3.0,Basic,Annual,USA
CUST_019848,Low Value Dormant,111,3,91,12,785.8,65.48333333333333,39.7,11.2,3.0,7.0,Basic,Monthly,UK
CUST_000921,Low Value Dormant,111,3,311,11,791.85,71.98636363636363,59.3,12.2,19.0,8.0,Basic,Monthly,USA
CUST_013693,Low Value Dormant,111,3,112,11,794.56,72.23272727272727,44.8,9.1,-22.0,3.0,Basic,Annual,Canada
CUST_002032,Low Value Dormant,111,3,285,9,795.0500000000001,88.3388888888889,57.5,19.1,6.0,1.0,Basic,Monthly,Other
CUST_012987,Low Value Dormant,111,3,193,9,799.83,88.87,54.2,11.7,-0.0,3.0,Basic,Annual,USA
CUST_004757,Low Value Dormant,111,3,133,13,804.24,61.864615384615384,78.9,24.3,10.0,4.0,Basic,Monthly,Canada
CUST_011825,Low Value Dormant,111,3,523,11,804.31,73.1190909090909,60.4,17.2,-23.0,4.0,Basic,Monthly,Germany
CUST_007347,Low Value Dormant,111,3,132,12,808.19,67.34916666666668,19.2,5.4,6.0,5.0,Basic,Monthly,UK
CUST_005772,Low Value Dormant,111,3,216,13,819.42,63.03230769230769,43.4,18.3,-6.0,6.0,Basic,Monthly,India
CUST_007127,Low Value Dormant,111,3,592,10,819.48,81.94800000000001,51.3,11.7,36.0,0.0,Basic,Monthly,USA
CUST_019653,Low Value Dormant,111,3,402,9,822.74,91.41555555555556,41.4,12.1,6.0,4.0,Professional,Monthly,Germany
CUST_017322,Low Value Dormant,111,3,116,11,824.1,74.91818181818182,15.7,0.0,20.0,3.0,Basic,Monthly,India
CUST_006663,Low Value Dormant,111,3,178,11,826.41,75.12818181818182,44.3,4.8,18.0,4.0,Basic,Annual,USA
CUST_017349,Low Value Dormant,111,3,260,12,831.5,69.29166666666667,63.2,15.8,25.0,3.0,Basic,Annual,Germany
CUST_005055,Low Value Dormant,111,3,193,12,832.3199999999999,69.36,40.9,8.1,19.0,6.0,Basic,Monthly,USA
CUST_013522,Low Value Dormant,111,3,122,11,834.55,75.86818181818181,31.4,6.4,11.0,3.0,Basic,Monthly,Other
CUST_010044,Low Value Dormant,111,3,94,12,836.65,69.72083333333333,39.8,8.9,10.0,6.0,Basic,Monthly,USA
CUST_011905,Low Value Dormant,111,3,89,12,837.56,69.79666666666667,51.6,16.3,15.0,3.0,Basic,Annual,USA
CUST_004228,Low Value Dormant,111,3,123,13,838.9599999999999,64.53538461538461,35.8,5.2,-47.0,6.0,Basic,Annual,UK
CUST_018756,Low Value Dormant,111,3,138,12,840.1,70.00833333333334,68.1,19.3,26.0,9.0,Basic,Annual,USA
CUST_008756,Low Value Dormant,111,3,140,12,846.47,70.53916666666667,37.2,11.6,3.0,4.0,Basic,Monthly,Australia
CUST_008664,Low Value Dormant,111,3,129,11,848.19,77.10818181818182,55.9,11.6,-19.0,4.0,Basic,Annual,Germany
CUST_014064,Low Value Dormant,111,3,107,12,854.21,71.18416666666667,63.7,18.9,16.0,1.0,Basic,Multi-Year,Canada
CUST_004319,Low Value Dormant,111,3,194,9,857.19,95.24333333333334,48.6,15.5,-10.0,2.0,Basic,Monthly,USA
CUST_007366,Low Value Dormant,111,3,164,12,858.41,71.53416666666666,87.2,28.3,34.0,2.0,Basic,Monthly,USA
CUST_004535,Low Value Dormant,111,3,212,8,863.7099999999999,107.96374999999999,44.9,11.6,-2.0,9.0,Basic,Annual,USA
CUST_005505,Low Value Dormant,111,3,369,13,874.62,67.27846153846154,39.7,5.3,-22.0,1.0,Basic,Monthly,Germany
CUST_003669,Low Value Dormant,111,3,185,12,878.13,73.1775,57.1,16.6,8.0,3.0,Basic,Multi-Year,USA
CUST_013502,Low Value Dormant,111,3,551,12,878.68,73.22333333333333,56.0,10.7,18.0,2.0,Basic,Annual,Canada
CUST_013826,Low Value Dormant,111,3,321,11,881.24,80.11272727272727,60.2,21.3,-10.0,2.0,Basic,Monthly,Canada
CUST_015359,Low Value Dormant,111,3,237,12,882.14,73.51166666666667,55.1,18.2,-31.0,6.0,Basic,Monthly,USA
CUST_004829,Low Value Dormant,111,3,140,12,882.59,73.54916666666666,43.4,7.8,-21.0,5.0,Basic,Multi-Year,Germany
CUST_006835,Low Value Dormant,111,3,117,12,883.63,73.63583333333334,41.3,11.4,40.0,1.0,Basic,Annual,India
CUST_015309,Low Value Dormant,111,3,510,12,884.35,73.69583333333334,59.8,15.5,20.0,4.0,Basic,Multi-Year,Australia
CUST_006596,Low Value Dormant,111,3,116,11,886.24,80.56727272727272,43.9,7.8,11.0,0.0,Basic,Annual,Germany
CUST_001041,Low Value Dormant,111,3,95,12,889.13,74.09416666666667,41.2,12.0,2.0,5.0,Basic,Annual,Canada
CUST_006665,Low Value Dormant,111,3,128,11,903.4200000000001,82.12909090909092,48.9,19.6,18.0,4.0,Basic,Multi-Year,Germany
CUST_017695,Low Value Dormant,111,3,243,7,907.28,129.61142857142858,75.2,26.3,30.0,3.0,Professional,Annual,India
CUST_003121,Low Value Dormant,111,3,356,13,910.8,70.06153846153846,47.9,19.8,-6.0,2.0,Basic,Monthly,Germany
CUST_004889,Low Value Dormant,111,3,207,13,913.47,70.26692307692308,51.6,12.8,33.0,2.0,Basic,Monthly,USA
CUST_005141,Low Value Dormant,111,3,118,13,933.53,71.81,62.5,12.5,32.0,5.0,Basic,Annual,India
CUST_002228,Low Value Dormant,111,3,113,13,943.65,72.58846153846153,65.1,22.5,39.0,3.0,Basic,Annual,Other
CUST_017646,Low Value Dormant,111,3,823,10,952.85,95.285,29.5,5.3,-14.0,6.0,Professional,Monthly,USA
CUST_003729,Low Value Dormant,111,3,140,12,970.8100000000001,80.90083333333334,55.6,12.6,30.0,1.0,Basic,Monthly,Canada
CUST_019757,Low Value Dormant,111,3,287,7,987.75,141.10714285714286,55.7,18.3,11.0,6.0,Professional,Monthly,Germany
CUST_016560,Low Value Dormant,111,3,122,9,993.6700000000001,110.40777777777778,46.8,7.1,29.0,3.0,Professional,Monthly,India
CUST_003313,Low Value Dormant,111,3,693,10,996.81,99.681,59.9,12.3,8.0,5.0,Professional,Monthly,Other
CUST_005860,Low Value Dormant,111,3,265,13,1005.01,77.30846153846154,19.3,7.5,-18.0,7.0,Basic,Annual,USA
CUST_002707,Low Value Dormant,111,3,573,10,1006.98,100.69800000000001,59.1,14.7,14.0,0.0,Professional,Annual,USA
CUST_009506,Low Value Dormant,111,3,90,10,1010.89,101.089,61.1,18.2,34.0,3.0,Basic,Annual,India
CUST_006968,Low Value Dormant,111,3,156,13,1011.61,77.81615384615385,53.2,7.6,8.0,3.0,Basic,Monthly,USA
CUST_010001,Low Value Dormant,111,3,87,11,1013.03,92.09363636363636,47.8,9.3,-18.0,4.0,Basic,Annual,Germany
CUST_018191,Low Value Dormant,111,3,107,8,1014.99,126.87375,70.6,24.2,18.0,6.0,Professional,Annual,UK
CUST_011999,Low Value Dormant,111,3,393,10,1023.65,102.365,56.0,16.6,13.0,3.0,Professional,Annual,UK
CUST_005438,Low Value Dormant,111,3,88,10,1028.25,102.825,40.3,12.8,-8.0,4.0,Professional,Annual,Australia
CUST_014412,Low Value Dormant,111,3,214,9,1028.35,114.2611111111111,40.6,16.5,16.0,3.0,Professional,Annual,USA
CUST_015549,Low Value Dormant,111,3,101,10,1032.23,103.223,34.7,9.0,-30.0,4.0,Professional,Monthly,Canada
CUST_014836,Low Value Dormant,111,3,420,12,1033.8,86.14999999999999,52.6,17.4,-12.0,0.0,Basic,Annual,Canada
CUST_006259,Low Value Dormant,111,3,88,12,1034.3,86.19166666666666,74.5,23.6,7.0,4.0,Basic,Annual,India
CUST_003780,Low Value Dormant,111,3,216,13,1035.48,79.65230769230769,37.4,18.1,-15.0,2.0,Basic,Multi-Year,UK
CUST_009051,Low Value Dormant,111,3,216,9,1043.82,115.97999999999999,33.3,3.8,15.0,2.0,Professional,Monthly,UK
CUST_006181,Low Value Dormant,111,3,318,13,1043.99,80.30692307692308,70.9,22.1,3.0,3.0,Basic,Monthly,Germany
CUST_013374,Low Value Dormant,111,3,330,12,1062.35,88.52916666666665,71.3,19.3,9.0,8.0,Professional,Annual,India
CUST_002714,Low Value Dormant,111,3,684,10,1076.71,107.671,49.0,18.1,34.0,4.0,Professional,Annual,UK
CUST_001726,Low Value Dormant,111,3,272,12,1083.1799999999998,90.26499999999999,49.5,15.1,-15.0,7.0,Basic,Monthly,Other
CUST_010674,Low Value Dormant,111,3,688,11,1083.2,98.47272727272728,68.8,25.5,42.0,3.0,Professional,Monthly,USA
CUST_015534,Low Value Dormant,111,3,92,11,1084.92,98.62909090909092,42.4,13.2,-9.0,8.0,Professional,Annual,UK
CUST_002716,Low Value Dormant,211,4,55,4,220.26,55.065,53.7,15.9,-25.0,5.0,Basic,Monthly,USA
CUST_012545,Low Value Dormant,121,4,111,13,305.84,23.526153846153843,49.4,22.2,-2.0,8.0,Basic,Annual,USA
CUST_012376,Low Value Dormant,211,4,84,10,313.28,31.327999999999996,78.2,23.4,18.0,4.0,Basic,Monthly,Australia
CUST_009306,Low Value Dormant,211,4,71,8,314.52,39.315,40.1,12.4,14.0,4.0,Basic,Annual,USA
CUST_001397,Low Value Dormant,211,4,68,10,315.71000000000004,31.571000000000005,33.1,6.9,21.0,6.0,Basic,Annual,USA
CUST_005863,Low Value Dormant,211,4,56,9,321.77,35.75222222222222,76.0,18.9,35.0,4.0,Basic,Annual,USA
CUST_003961,Low Value Dormant,211,4,76,7,323.03,46.14714285714285,51.5,13.4,8.0,1.0,Basic,Annual,Canada
CUST_005436,Low Value Dormant,211,4,62,10,328.76,32.876,57.2,18.7,29.0,3.0,Basic,Monthly,Other
CUST_014721,Low Value Dormant,211,4,69,11,329.95,29.995454545454546,73.3,19.3,55.0,2.0,Basic,Monthly,Canada
CUST_012683,Low Value Dormant,211,4,65,10,338.48,33.848,30.9,10.2,-10.0,5.0,Basic,Annual,UK
CUST_004019,Low Value Dormant,211,4,49,13,338.74,26.056923076923077,77.8,19.1,12.0,2.0,Basic,Monthly,UK
CUST_019213,Low Value Dormant,211,4,80,7,339.56,48.50857142857143,52.5,13.3,1.0,1.0,Basic,Monthly,Germany
CUST_014267,Low Value Dormant,211,4,84,11,339.67,30.87909090909091,49.6,18.0,-12.0,4.0,Basic,Monthly,UK
CUST_006886,Low Value Dormant,121,4,651,14,344.17,24.583571428571428,63.1,20.1,1.0,2.0,Basic,Annual,Canada
CUST_019360,Low Value Dormant,211,4,68,11,352.28,32.025454545454544,39.3,8.6,-6.0,3.0,Basic,Annual,USA
CUST_018946,Low Value Dormant,121,4,877,13,352.57,27.12076923076923,47.8,21.3,-25.0,4.0,Basic,Annual,USA
CUST_016996,Low Value Dormant,211,4,77,8,352.77,44.09625,34.5,4.6,3.0,4.0,Basic,Annual,Australia
CUST_015288,Low Value Dormant,211,4,67,8,359.67,44.95875,29.1,7.0,25.0,2.0,Basic,Annual,USA
CUST_014180,Low Value Dormant,121,4,226,13,361.37,27.79769230769231,59.1,17.3,15.0,5.0,Basic,Annual,USA
CUST_016587,Low Value Dormant,121,4,560,13,365.23,28.094615384615388,50.0,18.2,20.0,4.0,Basic,Annual,UK
CUST_011189,Low Value Dormant,211,4,68,10,369.42,36.942,56.0,8.6,6.0,6.0,Basic,Annual,Germany
CUST_003058,Low Value Dormant,121,4,89,15,371.03,24.735333333333333,30.7,10.5,-68.0,6.0,Basic,Monthly,Germany
CUST_008958,Low Value Dormant,211,4,45,11,373.3,33.93636363636364,45.7,14.7,25.0,4.0,Basic,Monthly,USA
CUST_014895,Low Value Dormant,211,4,85,10,373.31,37.331,44.9,11.1,-19.0,5.0,Basic,Annual,USA
CUST_006463,Low Value Dormant,121,4,361,14,381.4,27.24285714285714,14.3,5.3,5.0,6.0,Basic,Annual,USA
CUST_016827,Low Value Dormant,211,4,84,11,382.85,34.804545454545455,49.5,16.2,-0.0,3.0,Basic,Monthly,USA
CUST_013760,Low Value Dormant,121,4,266,13,389.59000000000003,29.96846153846154,41.2,8.3,-23.0,5.0,Basic,Monthly,USA
CUST_000227,Low Value Dormant,211,4,58,7,390.93,55.847142857142856,30.1,12.0,11.0,2.0,Basic,Annual,UK
CUST_008777,Low Value Dormant,211,4,68,10,398.8,39.88,50.5,19.2,11.0,2.0,Basic,Monthly,India
CUST_010323,Low Value Dormant,121,4,913,14,403.64,28.83142857142857,49.7,13.3,12.0,10.0,Basic,Monthly,UK
CUST_008303,Low Value Dormant,121,4,555,14,404.53000000000003,28.895000000000003,40.0,10.1,-2.0,3.0,Basic,Multi-Year,Australia
CUST_001829,Low Value Dormant,121,4,472,15,405.66,27.044,61.8,19.2,15.0,5.0,Basic,Monthly,Canada
CUST_005211,Low Value Dormant,211,4,69,10,406.33,40.632999999999996,52.4,16.0,-7.0,8.0,Basic,Monthly,Canada
CUST_011249,Low Value Dormant,211,4,62,9,408.21,45.35666666666666,36.7,13.0,-48.0,7.0,Basic,Monthly,India
CUST_012223,Low Value Dormant,211,4,49,8,408.87,51.10875,48.5,11.5,33.0,1.0,Basic,Monthly,USA
CUST_009449,Low Value Dormant,211,4,46,10,411.47,41.147000000000006,51.7,13.7,6.0,4.0,Basic,Annual,USA
CUST_004725,Low Value Dormant,121,4,879,14,413.55,29.539285714285715,43.6,6.9,-22.0,4.0,Basic,Multi-Year,USA
CUST_016422,Low Value Dormant,211,4,52,11,413.95,37.63181818181818,76.5,27.9,36.0,1.0,Basic,Annual,Germany
CUST_012524,Low Value Dormant,211,4,72,12,416.6,34.71666666666667,61.1,23.6,9.0,4.0,Basic,Monthly,USA
CUST_012810,Low Value Dormant,211,4,52,11,419.35,38.122727272727275,37.7,8.8,48.0,5.0,Basic,Multi-Year,USA
CUST_010157,Low Value Dormant,121,4,592,14,419.65999999999997,29.975714285714282,46.0,8.3,-16.0,3.0,Basic,Annual,UK
CUST_002393,Low Value Dormant,121,4,129,14,421.67,30.119285714285716,38.6,12.2,-55.0,4.0,Basic,Monthly,USA
CUST_013899,Low Value Dormant,211,4,58,12,422.37,35.1975,28.6,11.8,-27.0,7.0,Basic,Monthly,Other
CUST_013481,Low Value Dormant,211,4,85,12,429.09000000000003,35.7575,48.4,16.4,-3.0,1.0,Basic,Monthly,Germany
CUST_013742,Low Value Dormant,211,4,49,11,429.15999999999997,39.01454545454545,41.7,16.3,-17.0,5.0,Basic,Monthly,USA
CUST_014709,Low Value Dormant,211,4,70,12,432.2,36.016666666666666,27.9,6.7,1.0,4.0,Basic,Monthly,Other
CUST_015829,Low Value Dormant,121,4,341,13,432.90999999999997,33.30076923076923,29.6,10.7,-18.0,7.0,Basic,Annual,USA
CUST_015582,Low Value Dormant,211,4,50,11,434.38,39.48909090909091,40.7,14.3,-9.0,6.0,Basic,Annual,USA
CUST_018774,Low Value Dormant,211,4,52,10,434.48,43.448,47.6,10.0,19.0,2.0,Basic,Monthly,USA
CUST_016798,Low Value Dormant,121,4,749,14,435.06,31.075714285714287,51.7,18.7,-5.0,6.0,Basic,Annual,USA
CUST_013236,Low Value Dormant,211,4,62,8,435.28,54.41,53.1,11.7,-14.0,4.0,Basic,Annual,USA
CUST_014878,Low Value Dormant,211,4,63,11,435.87,39.624545454545455,36.4,11.8,-19.0,6.0,Basic,Monthly,USA
CUST_003464,Low Value Dormant,121,4,400,14,437.53,31.252142857142854,29.4,1.4,-22.0,6.0,Basic,Annual,Australia
CUST_001850,Low Value Dormant,211,4,48,13,437.83000000000004,33.67923076923077,21.8,4.5,-7.0,2.0,Basic,Annual,UK
CUST_018635,Low Value Dormant,211,4,55,11,438.09000000000003,39.82636363636364,53.6,13.2,29.0,3.0,Basic,Annual,UK
CUST_008027,Low Value Dormant,121,4,460,13,440.0,33.84615384615385,51.9,15.6,-2.0,5.0,Basic,Annual,UK
CUST_015205,Low Value Dormant,121,4,129,13,440.82,33.90923076923077,38.0,15.6,-15.0,6.0,Basic,Monthly,Canada
CUST_008097,Low Value Dormant,121,4,332,13,443.6,34.12307692307692,43.8,12.5,-3.0,4.0,Basic,Monthly,USA
CUST_009769,Low Value Dormant,121,4,213,13,444.06,34.15846153846154,34.9,10.4,-27.0,5.0,Basic,Annual,USA
CUST_008491,Low Value Dormant,211,4,70,11,447.27,40.66090909090909,33.4,11.7,17.0,9.0,Basic,Monthly,USA
CUST_010983,Low Value Dormant,211,4,46,11,447.78,40.70727272727272,47.9,12.8,-15.0,4.0,Basic,Monthly,USA
CUST_015649,Low Value Dormant,121,4,232,14,447.87,31.990714285714287,32.3,10.7,2.0,0.0,Basic,Monthly,Other
CUST_013825,Low Value Dormant,211,4,63,11,447.87,40.71545454545455,60.0,14.2,48.0,2.0,Basic,Annual,India
CUST_011700,Low Value Dormant,211,4,66,11,448.56,40.77818181818182,62.2,19.8,15.0,3.0,Basic,Monthly,Australia
CUST_011767,Low Value Dormant,211,4,72,12,450.83,37.56916666666667,65.6,17.3,17.0,1.0,Basic,Monthly,UK
CUST_005688,Low Value Dormant,211,4,64,12,451.4,37.61666666666667,38.0,18.0,20.0,3.0,Basic,Annual,Other
CUST_014165,Low Value Dormant,211,4,74,12,452.37,37.6975,85.0,21.7,39.0,1.0,Basic,Monthly,Canada
CUST_019580,Low Value Dormant,121,4,197,13,452.58,34.81384615384615,57.7,14.2,36.0,2.0,Basic,Monthly,Germany
CUST_015772,Low Value Dormant,121,4,182,14,453.08000000000004,32.362857142857145,22.9,5.3,7.0,0.0,Basic,Annual,Germany
CUST_009974,Low Value Dormant,121,4,165,13,454.13,34.933076923076925,41.5,13.6,17.0,3.0,Basic,Monthly,Australia
CUST_001759,Low Value Dormant,121,4,261,15,454.65999999999997,30.310666666666666,35.8,13.3,-23.0,3.0,Basic,Annual,Canada
CUST_005617,Low Value Dormant,211,4,61,10,456.02,45.602,43.0,7.7,9.0,3.0,Basic,Monthly,Canada
CUST_005029,Low Value Dormant,211,4,62,12,456.72,38.06,48.1,14.9,17.0,1.0,Basic,Monthly,Canada
CUST_017544,Low Value Dormant,211,4,49,9,459.19,51.02111111111111,43.3,12.0,18.0,5.0,Basic,Monthly,India
CUST_007660,Low Value Dormant,211,4,82,11,461.77,41.97909090909091,49.6,9.5,-8.0,4.0,Basic,Annual,Other
CUST_012949,Low Value Dormant,211,4,67,11,462.14,42.01272727272727,53.4,13.1,-6.0,4.0,Basic,Monthly,Germany
CUST_013197,Low Value Dormant,211,4,46,8,463.40999999999997,57.926249999999996,56.0,11.7,3.0,6.0,Basic,Annual,UK
CUST_013754,Low Value Dormant,211,4,53,12,464.2,38.68333333333333,50.6,11.4,13.0,2.0,Basic,Annual,USA
CUST_005119,Low Value Dormant,211,4,53,10,464.48,46.448,50.3,12.0,11.0,5.0,Basic,Monthly,Other
CUST_011429,Low Value Dormant,121,4,282,14,464.99,33.21357142857143,47.8,14.3,9.0,5.0,Basic,Monthly,Germany
CUST_008145,Low Value Dormant,211,4,77,12,465.27,38.7725,36.3,4.8,25.0,3.0,Basic,Monthly,Other
CUST_000885,Low Value Dormant,121,4,221,14,465.63,33.25928571428572,49.5,17.2,-27.0,7.0,Basic,Monthly,USA
CUST_008009,Low Value Dormant,211,4,76,12,465.85,38.82083333333333,93.6,29.7,37.0,4.0,Basic,Monthly,USA
CUST_006458,Low Value Dormant,211,4,82,10,466.25,46.625,45.0,15.1,-55.0,9.0,Basic,Monthly,Australia
CUST_000439,Low Value Dormant,211,4,71,12,466.65,38.887499999999996,53.2,24.8,33.0,4.0,Basic,Annual,UK
CUST_015245,Low Value Dormant,211,4,64,10,467.57,46.757,59.9,24.6,2.0,5.0,Basic,Monthly,USA
CUST_009267,Low Value Dormant,211,4,56,11,467.68,42.516363636363636,53.0,20.4,6.0,0.0,Basic,Monthly,USA
CUST_018531,Low Value Dormant,121,4,352,13,467.93,35.994615384615386,47.5,16.2,22.0,5.0,Basic,Annual,UK
CUST_008507,Low Value Dormant,121,4,215,13,468.53,36.04076923076923,39.1,18.0,4.0,5.0,Basic,Monthly,India
CUST_005238,Low Value Dormant,211,4,70,12,469.44,39.12,53.6,15.8,18.0,3.0,Basic,Monthly,Germany
CUST_015792,Low Value Dormant,211,4,66,11,469.81,42.71,42.2,14.7,1.0,5.0,Basic,Monthly,Other
CUST_008152,Low Value Dormant,121,4,251,14,471.57,33.683571428571426,85.0,18.5,29.0,4.0,Basic,Annual,USA
CUST_006707,Low Value Dormant,121,4,337,14,472.15,33.725,39.9,8.5,-20.0,5.0,Basic,Annual,USA
CUST_010841,Low Value Dormant,211,4,46,9,473.02,52.55777777777777,89.5,29.1,76.0,3.0,Basic,Annual,Canada
CUST_016063,Low Value Dormant,121,4,582,13,473.77,36.44384615384615,17.2,7.9,-6.0,4.0,Basic,Monthly,USA
CUST_003367,Low Value Dormant,211,4,46,12,476.49,39.7075,50.3,16.1,9.0,4.0,Basic,Annual,USA
CUST_013651,Low Value Dormant,211,4,51,11,477.11,43.373636363636365,48.8,12.4,17.0,2.0,Basic,Monthly,USA
CUST_005114,Low Value Dormant,211,4,60,10,477.38,47.738,32.1,10.7,21.0,3.0,Basic,Monthly,USA
CUST_001071,Low Value Dormant,211,4,53,12,477.96,39.83,56.4,9.5,11.0,5.0,Basic,Annual,USA
CUST_009889,Low Value Dormant,121,4,226,13,480.04,36.926153846153845,44.4,19.3,-9.0,7.0,Basic,Monthly,USA
CUST_004195,Low Value Dormant,121,4,586,14,480.45000000000005,34.31785714285714,56.8,19.2,6.0,7.0,Basic,Monthly,Germany
CUST_015099,Low Value Dormant,211,4,71,12,481.04,40.086666666666666,22.7,4.3,4.0,3.0,Basic,Monthly,Other
CUST_008704,Low Value Dormant,121,4,230,13,481.18,37.01384615384615,45.0,14.6,5.0,5.0,Basic,Annual,UK
CUST_017744,Low Value Dormant,211,4,50,11,481.4,43.76363636363636,45.1,11.5,32.0,1.0,Basic,Monthly,USA
CUST_003002,Low Value Dormant,211,4,48,11,483.29,43.93545454545455,41.8,14.4,-6.0,5.0,Basic,Monthly,Australia
CUST_013598,Low Value Dormant,121,4,802,13,485.19,37.32230769230769,40.2,14.5,22.0,3.0,Basic,Multi-Year,India
CUST_014796,Low Value Dormant,211,4,52,12,488.29,40.69083333333334,54.8,12.8,-18.0,7.0,Basic,Annual,Canada
CUST_007134,Low Value Dormant,211,4,67,9,490.04,54.44888888888889,39.5,10.4,0.0,6.0,Basic,Monthly,UK
CUST_006072,Low Value Dormant,211,4,67,11,490.06,44.550909090909094,54.7,9.0,-8.0,7.0,Basic,Annual,USA
CUST_018451,Low Value Dormant,211,4,54,12,491.03999999999996,40.919999999999995,69.4,19.0,33.0,3.0,Basic,Monthly,USA
CUST_011609,Low Value Dormant,121,4,116,13,491.3,37.792307692307695,43.9,14.5,14.0,7.0,Basic,Monthly,Canada
CUST_016347,Low Value Dormant,211,4,71,11,494.99,44.99909090909091,59.0,11.4,50.0,2.0,Basic,Monthly,USA
CUST_008852,Low Value Dormant,211,4,80,12,497.39,41.44916666666666,55.7,19.3,5.0,1.0,Basic,Annual,USA
CUST_016452,Low Value Dormant,121,4,918,14,499.01,35.64357142857143,43.3,13.3,17.0,1.0,Basic,Monthly,USA
CUST_016467,Low Value Dormant,211,4,62,11,499.26,45.38727272727272,70.4,20.5,5.0,2.0,Basic,Annual,UK
CUST_013883,Low Value Dormant,121,4,148,14,499.38,35.67,56.0,27.7,-6.0,1.0,Basic,Monthly,USA
CUST_008469,Low Value Dormant,121,4,190,14,500.37,35.74071428571428,26.5,7.8,21.0,6.0,Basic,Monthly,USA
CUST_003536,Low Value Dormant,211,4,52,13,500.73,38.51769230769231,76.4,19.3,27.0,3.0,Basic,Annual,USA
CUST_015996,Low Value Dormant,121,4,124,13,505.35,38.87307692307692,35.6,5.7,-5.0,7.0,Basic,Monthly,USA
CUST_013553,Low Value Dormant,211,4,69,10,505.46,50.546,37.7,6.4,-8.0,4.0,Basic,Monthly,Canada
CUST_019082,Low Value Dormant,211,4,65,10,505.46000000000004,50.54600000000001,44.1,11.7,10.0,2.0,Basic,Annual,Canada
CUST_011344,Low Value Dormant,211,4,46,10,505.7,50.57,55.9,15.9,10.0,0.0,Basic,Monthly,Germany
CUST_001585,Low Value Dormant,211,4,56,13,506.57,38.966923076923074,46.4,13.8,-15.0,1.0,Basic,Monthly,USA
CUST_014715,Low Value Dormant,211,4,62,12,507.52,42.29333333333333,46.5,14.5,31.0,4.0,Basic,Annual,Germany
CUST_018422,Low Value Dormant,121,4,227,14,507.81,36.27214285714286,51.2,19.9,-10.0,2.0,Basic,Monthly,Other
CUST_006549,Low Value Dormant,211,4,49,10,509.89,50.989,40.7,17.2,-13.0,2.0,Basic,Monthly,UK
CUST_013589,Low Value Dormant,211,4,54,12,510.09,42.5075,44.3,13.4,12.0,3.0,Basic,Monthly,USA
CUST_012365,Low Value Dormant,211,4,62,12,513.48,42.79,56.2,17.8,7.0,1.0,Basic,Monthly,India
CUST_016561,Low Value Dormant,211,4,57,11,513.91,46.71909090909091,25.4,10.0,-11.0,4.0,Basic,Annual,UK
CUST_009080,Low Value Dormant,211,4,79,12,514.62,42.885,53.3,18.5,17.0,4.0,Basic,Monthly,USA
CUST_015109,Low Value Dormant,121,4,105,14,515.15,36.79642857142857,34.4,10.4,8.0,4.0,Basic,Monthly,USA
CUST_010111,Low Value Dormant,211,4,85,12,516.36,43.03,79.4,17.9,22.0,4.0,Basic,Monthly,USA
CUST_013946,Low Value Dormant,211,4,74,11,517.87,47.07909090909091,52.9,16.1,15.0,0.0,Basic,Annual,India
CUST_019874,Low Value Dormant,121,4,140,14,518.12,37.00857142857143,19.3,9.3,-19.0,3.0,Basic,Annual,Canada
CUST_016404,Low Value Dormant,211,4,84,10,518.78,51.878,40.0,4.2,-38.0,9.0,Basic,Annual,USA
CUST_001319,Low Value Dormant,211,4,64,12,518.91,43.2425,37.9,9.2,4.0,3.0,Basic,Monthly,Other
CUST_014104,Low Value Dormant,211,4,71,12,519.54,43.294999999999995,27.7,4.8,5.0,6.0,Basic,Monthly,India
CUST_017722,Low Value Dormant,121,4,240,13,519.98,39.99846153846154,62.7,15.0,-10.0,4.0,Basic,Monthly,Australia
CUST_016155,Low Value Dormant,211,4,49,8,520.58,65.0725,41.8,11.2,13.0,9.0,Basic,Annual,India
CUST_002037,Low Value Dormant,211,4,54,12,520.99,43.41583333333333,44.8,16.8,19.0,1.0,Basic,Monthly,USA
CUST_003703,Low Value Dormant,211,4,67,11,521.15,47.377272727272725,52.4,24.0,3.0,1.0,Basic,Monthly,UK
CUST_003668,Low Value Dormant,211,4,82,12,521.4,43.449999999999996,72.4,26.2,17.0,3.0,Basic,Monthly,UK
CUST_002465,Low Value Dormant,121,4,117,14,522.28,37.30571428571428,38.4,12.5,7.0,5.0,Basic,Annual,USA
CUST_011861,Low Value Dormant,121,4,868,14,522.41,37.315,54.2,18.3,-14.0,4.0,Basic,Monthly,Germany
CUST_013158,Low Value Dormant,211,4,54,12,522.51,43.5425,34.1,8.6,6.0,4.0,Basic,Annual,USA
CUST_001520,Low Value Dormant,211,4,68,12,522.81,43.567499999999995,59.3,19.6,1.0,4.0,Basic,Monthly,Australia
CUST_001780,Low Value Dormant,121,4,311,14,522.91,37.35071428571428,69.1,19.7,25.0,4.0,Basic,Annual,Germany
CUST_004481,Low Value Dormant,211,4,65,13,523.51,40.269999999999996,51.9,17.4,45.0,1.0,Basic,Annual,India
CUST_001141,Low Value Dormant,121,4,515,15,523.53,34.902,47.5,4.1,21.0,4.0,Basic,Monthly,Other
CUST_010385,Low Value Dormant,121,4,299,13,523.54,40.27230769230769,29.1,6.4,-52.0,5.0,Basic,Annual,UK
CUST_013359,Low Value Dormant,211,4,49,11,523.54,47.594545454545454,52.8,9.6,41.0,5.0,Basic,Annual,USA
CUST_019804,Low Value Dormant,121,4,324,13,524.02,40.309230769230766,46.2,14.2,-4.0,0.0,Basic,Monthly,UK
CUST_016378,Low Value Dormant,121,4,198,13,525.17,40.3976923076923,27.1,10.5,2.0,4.0,Basic,Monthly,USA
CUST_012658,Low Value Dormant,121,4,126,14,526.13,37.580714285714286,25.4,6.8,-18.0,1.0,Basic,Monthly,Australia
CUST_008364,Low Value Dormant,121,4,316,14,526.65,37.61785714285714,62.5,23.2,6.0,5.0,Basic,Monthly,UK
